{"cameraMode":{"drawMode":1,"name":"Wireframe","section":"Shading Mode"},"sceneLighting":true,"audioPlay":false,"sceneViewState":{"showFog":true,"showMaterialUpdate":false,"showSkybox":true,"showFlares":true,"showImageEffects":true,"showParticleSystems":true},"in2DMode":false,"pivot":{"x":254.0972137451172,"y":17.86747169494629,"z":294.1197509765625},"rotation":{"x":0.24051421880722047,"y":-0.5953508615493774,"z":0.1930316835641861,"w":0.741951584815979},"size":794.2565307617188,"orthographic":false}