{"cameraMode":{"drawMode":0,"name":"Shaded","section":"Shading Mode"},"sceneLighting":true,"audioPlay":false,"sceneViewState":{"showFog":true,"showMaterialUpdate":false,"showSkybox":true,"showFlares":true,"showImageEffects":true,"showParticleSystems":true},"in2DMode":false,"pivot":{"x":808.8457641601563,"y":-48.148502349853519,"z":166.72811889648438},"rotation":{"x":0.12058845907449722,"y":0.8766592741012573,"z":-0.29002445936203005,"w":0.36446693539619448},"size":2397.4931640625,"orthographic":false}